<?xml version="1.0" encoding="UTF-8"?>
<project-private xmlns="http://www.netbeans.org/ns/project-private/1">
    <editor-bookmarks xmlns="http://www.netbeans.org/ns/editor-bookmarks/2" lastBookmarkId="0"/>
    <open-files xmlns="http://www.netbeans.org/ns/projectui-open-files/2">
        <group>
            <file>file:/D:/Game/src/game/Player.java</file>
            <file>file:/D:/Game/src/game/VisibilityManager.java</file>
            <file>file:/D:/Game/src/game/UI.java</file>
            <file>file:/D:/Game/src/game/Game.java</file>
            <file>file:/D:/Game/src/game/Story.java</file>
        </group>
    </open-files>
</project-private>
